PM10,PM25,SO2,CO,O3,NO2,kategori
59,79,21,26,15,31,1
23,33,19,11,14,19,0
29,36,20,14,12,21,0
25,23,19,7,19,12,0
33,40,22,12,14,22,0
32,38,21,10,12,16,0
26,37,23,13,9,17,0
25,37,20,9,19,16,0
33,47,18,11,19,19,0
39,57,23,23,12,33,1
43,59,29,13,12,29,1
50,64,22,11,20,23,1
30,42,22,10,9,16,0
31,48,26,12,14,17,0
49,67,23,15,17,31,1
43,60,19,12,19,18,1
30,42,38,4,55,15,1
24,35,38,4,42,15,0
33,50,39,7,47,15,0
25,35,39,5,45,13,0
33,50,39,6,47,16,0
34,46,39,4,49,10,0
33,49,43,6,35,11,0
43,62,43,14,33,11,1
27,47,38,8,40,11,0
34,53,40,11,42,14,1
41,61,40,25,41,27,1
32,51,42,16,41,20,1
48,61,40,9,54,17,1
30,39,40,10,33,10,0
30,45,43,12,45,12,0
59,71,44,15,50,20,1
73,110,28,18,26,18,2
53,70,25,10,27,14,1
32,53,27,6,24,9,1
29,54,26,11,24,13,1
34,53,24,8,32,12,1
26,42,24,9,35,12,0
33,53,25,9,23,12,1
38,57,23,6,18,7,1
63,98,25,13,20,8,1
59,89,26,12,30,13,1
55,73,25,11,35,13,1
40,62,24,9,32,12,1
36,51,24,9,34,15,1
28,51,25,13,23,14,1
45,59,25,13,29,15,1
29,42,24,7,30,9,0
68,103,26,22,30,14,2
66,90,26,12,29,16,1
27,54,25,6,24,7,1
50,73,27,10,41,16,1
37,59,40,14,22,12,1
38,53,29,6,31,13,1
27,46,27,7,47,7,0
44,58,25,7,40,13,1
38,53,24,6,31,9,1
35,47,22,6,39,10,0
47,61,16,27,22,12,1
38,54,17,14,27,10,1
34,44,17,13,20,9,0
52,73,15,17,25,14,1
40,52,16,11,26,12,1
35,34,12,12,22,13,0
43,51,13,14,28,15,1
72,108,14,43,44,20,2
56,82,13,29,62,15,1
52,70,14,19,28,13,1
27,41,14,18,17,11,0
30,53,16,17,24,11,1
27,37,13,16,24,12,0
38,58,2,11,65,6,1
24,39,13,10,59,14,1
35,54,13,12,68,13,1
27,51,15,7,77,15,1
33,44,13,10,68,7,1
28,49,11,6,65,11,1
42,60,11,14,65,12,1
42,45,11,6,72,6,1
62,86,14,26,134,14,2
21,29,25,7,63,5,1
28,49,25,10,53,7,1
27,39,25,10,64,8,1
43,56,15,10,33,5,1
64,93,14,20,35,5,1
50,67,13,15,17,4,1
59,89,15,19,42,7,1
52,81,18,28,52,11,1
22,52,16,12,44,5,1
25,77,17,32,31,8,1
15,33,16,7,23,4,0
29,78,20,14,40,8,1
24,82,19,16,64,6,1
70,92,19,16,60,7,1
58,86,22,11,43,9,1
51,64,21,7,38,5,1
42,56,19,7,37,6,1
84,112,20,33,57,10,2
64,90,19,31,34,10,1
54,79,18,15,50,7,1
33,37,17,5,30,4,0
28,16,17,9,48,4,0
46,13,16,10,41,4,0
62,103,40,19,33,11,2
60,102,41,23,34,14,2
58,81,40,16,19,6,1
24,55,41,10,18,8,1
56,89,40,21,21,12,1
28,53,39,9,25,9,1
37,69,41,10,20,9,1
57,101,46,13,37,18,2
68,125,45,16,37,22,2
57,91,42,12,42,15,1
55,98,44,12,38,18,1
57,85,41,16,22,17,1
52,78,41,15,20,11,1
36,68,41,8,19,12,1
52,83,42,17,31,16,1
50,75,41,14,37,16,1
49,79,24,13,20,21,1
43,75,26,14,20,28,1
53,88,25,25,16,42,1
53,91,27,21,17,39,1
35,62,33,6,19,10,1
55,92,34,17,18,33,1
65,117,31,17,28,32,2
58,96,35,10,33,16,1
56,89,32,9,22,17,1
37,62,24,6,17,9,1
26,52,21,4,13,6,1
23,53,23,4,21,5,1
48,79,24,10,23,19,1
51,83,38,12,24,23,1
44,72,35,8,18,18,1
24,55,48,8,14,10,1
42,63,43,8,21,13,1
61,90,43,15,27,21,1
66,108,47,18,35,24,2
52,78,44,13,31,20,1
52,79,42,13,31,14,1
55,87,42,27,25,27,1
61,90,42,17,21,20,1
63,109,43,20,27,19,2
56,90,45,10,34,17,1
64,103,43,16,27,17,2
60,99,45,10,34,17,1
67,112,19,13,31,24,2
65,98,33,13,31,20,1
64,117,37,11,22,14,2
75,138,38,11,27,13,2
55,94,37,9,28,17,1
51,78,37,12,23,19,1
15,34,24,3,16,4,0
35,58,38,7,19,16,1
21,47,20,6,22,12,0
62,102,20,30,19,37,2
47,76,24,12,22,28,1
25,42,30,4,17,6,0
32,55,51,5,14,12,1
52,77,34,7,18,21,1
24,52,40,9,21,8,1
19,53,40,12,19,10,1
18,48,40,7,28,6,0
17,44,39,10,21,9,0
31,57,40,13,19,9,1
30,58,40,13,20,8,1
21,50,40,7,16,5,0
43,62,40,11,25,9,1
34,57,39,11,26,9,1
38,66,40,22,21,15,1
37,60,41,10,22,11,1
25,51,39,16,20,13,1
33,63,39,12,24,12,1
21,50,39,10,23,10,0
59,95,40,21,25,12,1
51,83,40,16,24,11,1
42,61,39,9,13,6,1
16,45,39,9,19,4,0
59,94,40,13,30,12,1
68,113,39,18,24,14,2
70,126,29,26,15,34,2
23,40,27,5,16,10,0
32,59,28,9,14,17,1
31,52,27,7,13,11,1
23,50,36,6,10,13,0
27,55,27,5,20,8,1
36,61,24,9,20,11,1
32,56,24,10,18,17,1
38,60,41,8,17,17,1
27,52,24,16,14,33,1
32,52,22,10,21,15,1
24,40,28,4,11,7,0
28,52,31,7,13,23,1
39,64,27,10,25,24,1
50,77,22,9,22,13,1
45,77,31,9,24,18,1
55,93,29,11,32,16,1
62,108,32,13,32,19,2
62,105,25,15,25,25,2
56,96,26,9,39,17,1
66,111,26,12,33,22,2
58,97,23,12,27,19,1
52,82,28,10,26,19,1
49,81,21,10,26,22,1
43,73,22,14,26,25,1
52,71,23,10,20,33,1
53,70,26,10,20,20,1
58,82,22,18,14,38,1
49,65,19,16,18,38,1
52,69,20,12,19,28,1
41,57,18,9,26,21,1
47,69,19,10,25,21,1
60,88,24,12,25,24,1
59,79,21,10,25,21,1
70,110,24,14,24,20,2
52,72,24,8,25,14,1
51,67,26,11,20,19,1
51,65,23,8,20,16,1
26,42,22,11,13,19,0
41,54,27,11,17,19,1
57,78,21,23,14,33,1
52,69,22,15,18,27,1
33,55,27,10,14,18,1
30,47,25,11,13,19,0
38,55,33,12,13,22,1
54,69,26,14,15,28,1
48,66,23,13,17,29,1
45,68,31,12,25,31,1
55,69,26,20,15,31,1
55,68,23,18,21,40,1
51,71,27,15,25,32,1
56,74,24,24,21,40,1
65,101,24,19,19,41,2
57,79,24,11,25,26,1
56,83,25,12,21,30,1
63,87,24,19,14,37,1
54,81,25,14,23,40,1
66,99,25,16,21,42,1
63,86,24,15,17,36,1
56,79,26,10,22,24,1
54,77,21,15,21,34,1
57,71,23,17,18,38,1
61,84,23,18,20,42,1
22,38,28,9,43,10,0
39,57,34,11,42,13,1
23,51,33,9,57,10,1
54,69,30,13,59,18,1
39,57,34,10,40,14,1
44,61,34,9,50,19,1
54,72,42,12,60,22,1
69,93,51,20,54,23,1
65,81,55,16,65,22,1
67,85,55,21,50,34,1
69,94,55,17,50,28,1
76,101,56,16,50,22,2
63,92,52,11,60,14,1
75,101,51,15,65,20,2
88,115,61,17,73,25,2
74,101,55,15,58,20,2
74,97,51,11,65,17,1
61,81,51,13,56,18,1
69,85,60,15,44,26,1
71,91,57,14,55,21,1
51,70,33,8,37,10,1
35,51,32,3,34,5,1
52,72,27,14,32,22,1
50,75,19,7,32,14,1
58,93,19,13,27,17,1
70,100,20,11,32,16,1
57,73,19,9,41,15,1
59,88,19,13,27,19,1
64,104,13,9,34,16,2
39,23,10,12,26,17,0
22,49,41,7,18,12,0
37,62,44,11,18,12,1
64,103,43,26,23,20,2
52,80,43,14,23,16,1
49,67,19,21,17,35,1
51,75,22,18,19,31,1
52,69,20,16,16,30,1
51,73,20,22,15,37,1
57,88,23,23,19,31,1
47,63,21,16,11,19,1
36,50,23,15,10,22,0
45,65,20,20,14,27,1
27,35,19,9,15,21,0
44,58,24,12,13,25,1
37,62,27,13,13,25,1
39,60,23,14,10,19,1
45,70,29,18,13,34,1
55,80,32,13,21,36,1
64,102,30,15,25,40,2
60,88,29,14,24,35,1
55,80,28,16,19,31,1
43,55,21,11,18,17,1
38,61,21,13,14,18,1
37,54,23,11,12,16,1
32,53,21,10,9,15,1
50,69,23,19,19,28,1
55,77,19,19,21,37,1
53,69,24,15,14,30,1
43,57,22,13,15,23,1
48,66,45,13,38,18,1
55,61,50,12,53,21,1
65,81,54,16,59,26,1
71,89,59,23,52,31,1
60,84,29,23,51,27,1
52,65,28,16,41,15,1
51,55,27,13,33,15,1
56,81,42,21,42,26,1
38,50,26,9,43,9,0
51,60,27,12,45,19,1
40,58,29,11,41,16,1
50,62,27,12,37,15,1
51,72,33,15,49,19,1
78,107,55,20,53,41,2
78,115,43,14,74,23,2
73,93,39,13,59,26,1
48,55,30,9,44,11,1
36,53,29,9,41,13,1
62,83,49,12,63,19,1
57,76,43,15,71,18,1
65,88,48,18,67,25,1
53,68,34,13,55,17,1
39,58,30,12,48,18,1
54,71,26,13,41,14,1
57,83,27,18,38,20,1
56,77,29,13,28,19,1
60,89,28,14,25,14,1
53,72,29,7,23,9,1
52,73,28,10,16,10,1
51,76,28,9,25,10,1
59,88,40,8,41,18,1
71,106,32,11,39,19,2
61,99,35,7,42,18,1
65,106,31,12,45,17,2
62,93,26,15,36,10,1
51,77,26,9,27,8,1
43,64,26,6,27,8,1
38,62,26,7,28,9,1
55,79,27,13,39,11,1
51,73,30,11,56,19,1
47,63,27,10,43,17,1
51,19,26,14,48,21,1
56,22,12,18,32,25,1
56,96,40,13,19,9,1
46,81,39,17,29,14,1
81,108,66,18,44,35,2
62,75,55,14,44,28,1
59,72,54,14,38,27,1
66,91,51,13,51,28,1
80,99,54,14,42,28,1
70,84,58,12,40,23,1
62,79,53,9,53,17,1
67,94,57,11,57,18,1
65,93,53,16,61,28,1
75,102,52,12,51,18,2
58,87,44,8,23,15,1
63,95,45,11,26,19,1
54,82,48,7,34,15,1
59,88,48,8,26,16,1
67,97,48,14,26,22,1
49,71,49,6,32,12,1
73,114,52,9,24,21,2
63,89,51,10,21,17,1
66,99,50,14,21,19,1
63,93,50,7,18,22,1
80,111,52,7,24,29,2
53,64,48,4,22,17,1
59,89,52,9,29,23,1
69,106,51,9,26,19,2
58,81,50,6,26,14,1
71,30,52,8,25,19,1
54,89,41,11,32,20,1
62,100,43,7,41,17,1
57,93,41,11,36,23,1
56,93,41,9,38,20,1
68,108,37,9,32,28,2
49,80,36,12,32,23,1
63,103,35,13,28,21,2
67,111,42,13,22,25,2
62,88,35,20,19,22,1
64,102,35,28,20,28,2
67,102,38,19,18,24,2
56,102,31,19,15,31,2
74,140,36,22,20,26,2
51,90,29,14,19,21,1
47,84,33,16,21,22,1
58,107,38,14,23,25,2
82,147,39,18,20,24,2
67,118,36,10,26,18,2
60,117,36,18,30,22,2
65,125,36,14,21,29,2
52,91,25,12,27,28,1
52,86,29,9,28,19,1
53,87,22,10,29,25,1
47,77,25,10,23,20,1
56,89,42,10,16,27,1
58,97,28,25,9,55,1
54,90,30,17,16,41,1
62,101,28,23,16,45,2
53,83,34,19,11,45,1
74,123,47,26,20,58,2
50,68,23,16,12,35,1
35,67,28,13,13,35,1
58,103,26,14,23,28,2
64,107,39,19,17,52,2
76,129,35,30,14,63,2
68,102,27,11,27,22,2
71,106,28,12,34,25,2
56,74,26,9,29,29,1
64,86,34,10,22,27,1
68,94,32,10,26,26,1
46,59,29,5,18,13,1
63,89,33,10,18,24,1
53,69,28,10,17,23,1
66,95,31,12,24,30,1
71,97,30,11,24,29,1
63,80,29,8,28,20,1
63,89,31,8,32,19,1
74,100,27,15,24,24,1
48,66,27,7,26,17,1
61,91,29,10,23,28,1
73,105,29,12,39,35,2
64,81,53,12,48,28,1
72,100,54,11,44,23,1
94,129,51,15,50,23,2
77,111,56,12,62,20,2
84,108,54,11,51,23,2
59,83,22,18,19,35,1
54,76,22,20,17,41,1
63,87,20,13,14,30,1
59,83,22,15,19,32,1
66,89,23,23,18,47,1
59,77,22,15,23,40,1
51,70,23,14,25,25,1
58,82,25,13,22,26,1
62,86,31,13,17,29,1
56,74,39,18,13,35,1
56,80,28,25,17,39,1
64,84,29,17,16,34,1
54,68,26,21,13,45,1
75,109,33,25,21,44,2
44,58,27,15,16,32,1
54,79,26,17,24,43,1
59,82,36,14,17,32,1
54,66,31,10,21,23,1
55,79,24,18,26,38,1
66,94,30,15,20,28,1
60,82,50,16,64,26,1
68,92,54,16,76,28,1
68,93,57,16,61,32,1
64,84,51,16,65,25,1
61,80,50,11,72,14,1
61,83,52,15,68,24,1
68,87,54,13,67,22,1
71,99,56,15,48,32,1
65,90,51,12,61,25,1
67,91,54,12,57,25,1
55,73,52,11,58,17,1
69,91,53,12,58,20,1
61,84,51,20,44,33,1
77,98,59,15,49,27,1
47,65,22,11,24,24,1
40,54,24,10,23,26,1
57,79,24,12,23,27,1
52,76,24,15,22,34,1
56,79,22,16,28,36,1
60,91,24,21,27,37,1
74,108,22,20,23,38,2
56,77,27,11,21,24,1
54,70,29,12,16,24,1
56,76,23,14,17,32,1
47,61,24,16,18,29,1
55,73,21,15,19,33,1
62,74,51,10,57,14,1
59,74,50,9,51,11,1
68,82,54,12,39,17,1
64,83,53,14,45,20,1
57,72,53,13,66,21,1
67,83,61,20,46,33,1
60,79,53,11,54,17,1
46,59,46,9,61,7,1
55,73,51,10,58,8,1
67,87,52,10,63,8,1
54,70,55,11,51,13,1
56,77,52,13,55,21,1
66,87,53,12,56,17,1
60,81,58,13,65,21,1
64,90,62,15,66,28,1
73,97,64,18,57,34,1
86,116,74,19,72,30,2
56,64,52,12,66,19,1
62,83,52,12,64,20,1
60,73,52,10,62,13,1
66,81,53,11,63,16,1
60,76,46,13,66,21,1
53,65,55,17,51,28,1
55,83,12,9,25,16,1
61,102,23,13,35,20,2
39,66,20,9,60,15,1
39,69,19,15,151,20,2
50,76,20,8,71,15,1
35,58,17,6,47,13,1
46,76,22,8,66,13,1
53,73,45,10,25,15,1
60,85,49,12,31,19,1
51,60,45,7,27,13,1
51,68,51,5,23,11,1
73,117,38,20,21,21,2
54,77,37,7,27,16,1
51,78,38,22,25,20,1
56,87,39,9,29,15,1
46,66,37,6,31,11,1
42,73,37,7,31,12,1
75,112,36,13,24,13,2
49,74,37,4,28,17,1
55,95,37,9,27,20,1
50,79,41,6,26,18,1
57,91,40,10,29,26,1
59,93,41,9,37,24,1
47,77,22,9,27,15,1
42,69,34,7,25,12,1
50,77,40,10,19,24,1
54,90,25,14,21,25,1
37,67,19,11,29,20,1
50,82,21,20,31,32,1
43,74,21,8,30,14,1
33,58,17,6,38,6,1
40,72,23,8,38,8,1
53,89,29,9,38,13,1
65,115,25,14,31,13,2
51,81,24,10,25,13,1
39,69,23,8,28,8,1
45,75,22,10,29,13,1
30,56,24,7,39,12,1
51,87,26,8,28,16,1
50,84,25,13,26,24,1
52,90,21,14,30,21,1
63,109,24,23,27,40,2
64,108,25,17,30,25,2
48,79,34,7,24,17,1
34,61,32,5,20,11,1
49,77,37,8,20,19,1
54,88,37,11,19,29,1
46,66,24,15,18,29,1
52,82,21,11,27,18,1
64,77,59,16,41,43,1
59,84,45,10,23,14,1
53,69,45,7,25,10,1
36,54,41,6,27,12,1
54,73,46,7,32,11,1
69,102,45,14,29,16,2
60,88,45,11,30,13,1
58,86,43,10,35,11,1
68,104,45,14,27,14,2
57,83,46,10,29,14,1
53,80,44,10,33,15,1
66,100,46,13,31,17,1
66,100,46,11,32,15,1
57,81,44,10,33,11,1
62,92,47,9,31,13,1
63,94,46,10,42,17,1
87,27,46,16,38,17,1
64,27,10,19,38,32,1
51,87,41,7,23,20,1
53,90,38,8,21,19,1
54,92,40,7,21,17,1
48,82,40,6,26,16,1
56,102,39,11,27,23,2
57,104,40,8,21,20,2
55,101,40,11,19,25,2
58,98,41,9,21,21,1
63,114,39,11,15,21,2
55,100,41,8,17,21,1
58,97,38,9,30,20,1
67,119,42,13,28,28,2
50,85,39,8,25,21,1
74,134,43,14,22,29,2
61,110,42,11,26,24,2
62,106,42,9,26,28,2
58,105,39,10,28,22,2
76,140,41,16,30,31,2
44,70,30,8,29,11,1
46,75,27,8,27,12,1
46,74,33,7,26,18,1
50,78,30,9,17,21,1
45,61,39,4,21,14,1
26,52,27,6,24,14,1
54,92,29,11,25,25,1
54,78,32,7,27,18,1
61,100,33,11,21,32,1
73,116,38,14,26,40,2
62,87,33,12,17,30,1
59,89,32,8,26,19,1
55,81,39,8,34,27,1
58,89,32,10,31,24,1
62,94,35,12,24,29,1
60,97,31,7,32,12,1
63,95,31,10,29,20,1
64,96,32,9,31,14,1
63,100,31,8,44,12,1
67,111,32,10,36,13,2
60,92,30,7,32,14,1
56,86,42,8,21,21,1
63,106,40,15,29,25,2
52,82,41,12,27,24,1
45,80,42,8,26,19,1
59,109,43,10,33,30,2
63,88,29,15,24,38,1
60,83,29,11,30,28,1
60,82,27,11,37,30,1
58,77,26,10,31,28,1
63,85,27,11,28,28,1
68,92,31,11,26,24,1
52,65,28,9,19,24,1
45,62,25,12,27,31,1
51,66,27,10,25,32,1
66,93,32,12,34,41,1
61,80,26,10,28,27,1
51,64,29,8,23,21,1
54,81,29,20,20,45,1
48,65,29,9,23,24,1
50,73,29,8,23,22,1
51,69,27,10,25,34,1
55,81,28,11,29,36,1
57,80,29,11,24,32,1
57,74,34,8,20,26,1
49,67,31,7,24,20,1
52,72,28,6,28,19,1
45,63,25,9,24,28,1
54,76,26,12,29,38,1
63,94,27,13,38,37,1
79,102,55,14,30,29,2
66,89,52,10,39,19,1
66,87,51,9,39,18,1
62,79,50,9,37,18,1
66,82,51,9,36,12,1
56,71,52,9,27,14,1
36,47,50,8,47,15,0
46,66,51,7,53,9,1
58,81,52,11,54,25,1
55,81,52,8,50,13,1
57,83,46,13,32,14,1
65,99,46,15,29,16,1
56,86,45,9,39,13,1
61,93,46,11,36,14,1
60,82,48,12,29,15,1
48,61,46,9,31,12,1
61,89,50,10,43,16,1
55,78,47,9,30,13,1
51,65,47,8,26,11,1
32,51,46,7,21,11,1
53,81,50,17,24,22,1
47,72,49,7,29,13,1
55,80,50,9,27,15,1
56,81,48,10,31,12,1
45,59,49,7,33,10,1
57,78,49,14,26,18,1
57,82,51,10,29,16,1
55,77,52,8,27,15,1
54,75,50,11,22,16,1
54,74,50,10,27,13,1
48,71,49,12,26,16,1
68,118,40,16,26,27,2
62,111,42,10,34,23,2
57,93,42,9,31,19,1
78,104,54,10,63,17,2
56,75,51,12,50,23,1
79,111,62,11,56,26,2
82,114,55,11,58,17,2
74,100,51,10,77,13,1
86,113,51,14,60,19,2
54,72,52,9,58,13,1
60,82,53,11,54,22,1
66,95,54,13,51,30,1
81,112,55,16,54,28,2
79,109,54,12,46,22,2
82,112,56,12,41,27,2
82,113,53,13,40,28,2
69,97,52,12,53,24,1
90,117,54,12,81,29,2
60,84,47,7,23,18,1
67,105,46,7,38,15,2
68,102,44,7,32,16,2
73,109,48,8,31,17,2
71,110,50,6,33,16,2
60,80,47,5,21,14,1
84,123,49,7,29,16,2
70,102,49,5,31,14,2
79,121,49,5,33,16,2
80,122,48,4,33,17,2
54,81,45,4,19,13,1
57,79,49,5,22,20,1
63,91,46,5,38,16,1
51,73,45,4,29,12,1
68,102,47,6,32,17,2
69,103,49,6,28,17,2
76,124,49,18,26,20,2
75,29,51,14,43,21,1
57,26,9,18,31,29,1
62,114,37,13,23,27,2
59,108,40,10,18,23,2
84,161,38,14,27,22,2
83,153,39,13,31,26,2
58,100,38,9,31,22,1
69,130,40,12,26,26,2
87,156,42,11,30,25,2
71,132,45,9,29,21,2
66,119,39,10,21,17,2
67,119,39,11,20,23,2
95,174,40,15,22,24,2
71,138,37,11,24,29,2
73,134,35,9,26,19,2
75,150,37,12,32,22,2
74,140,36,11,32,21,2
80,147,38,13,26,21,2
57,110,39,9,28,26,2
56,104,37,12,27,25,2
81,148,38,22,28,24,2
68,131,39,14,24,25,2
73,145,39,14,24,27,2
66,130,40,12,25,25,2
56,100,38,9,29,22,1
56,90,29,23,11,51,1
60,103,31,13,20,27,2
73,126,32,13,26,25,2
66,115,35,11,36,20,2
65,113,40,11,34,22,2
55,85,42,6,26,17,1
51,82,38,9,20,26,1
75,129,35,14,26,26,2
70,114,33,11,30,22,2
57,89,32,8,32,19,1
67,115,33,13,34,27,2
61,108,28,9,38,20,2
70,112,32,14,24,21,2
49,80,31,8,18,19,1
51,85,37,9,22,27,1
53,85,30,8,27,25,1
49,83,27,11,23,32,1
66,116,29,16,24,31,2
70,130,33,17,28,45,2
51,68,25,8,29,22,1
47,63,24,10,25,28,1
52,70,29,8,24,26,1
52,66,29,9,21,27,1
56,73,28,15,11,28,1
55,71,31,7,18,18,1
53,69,33,6,23,16,1
52,60,30,6,25,15,1
32,50,25,7,29,16,0
55,70,28,8,20,19,1
56,75,28,10,17,28,1
65,92,30,15,24,36,1
56,72,31,8,17,20,1
53,70,30,8,17,19,1
56,77,28,13,26,22,1
59,78,25,11,27,26,1
60,89,31,15,24,35,1
59,80,25,13,26,35,1
59,81,28,14,25,28,1
56,77,28,10,25,27,1
59,87,27,12,32,30,1
62,89,26,12,34,34,1
56,77,27,10,22,33,1
62,89,30,11,25,31,1
65,93,26,11,40,27,1
65,96,28,12,30,29,1
79,112,27,17,39,41,2
64,86,27,12,35,33,1
55,75,50,9,67,13,1
52,69,50,10,59,16,1
64,89,53,9,50,14,1
76,100,58,17,38,31,1
63,79,53,8,48,16,1
60,78,53,9,57,12,1
56,67,52,8,57,10,1
58,83,50,10,59,17,1
65,88,52,10,47,18,1
58,79,51,10,49,19,1
69,94,53,11,53,21,1
60,80,54,9,42,17,1
62,84,51,9,40,14,1
59,83,51,9,42,17,1
71,100,52,13,25,26,1
63,86,52,9,33,13,1
69,101,52,9,41,18,2
61,84,51,9,26,18,1
63,90,52,10,32,21,1
76,104,51,10,41,22,2
79,110,52,12,38,29,2
74,96,51,10,48,19,1
51,66,44,9,31,11,1
48,65,47,10,29,12,1
45,66,48,9,30,13,1
52,82,51,11,23,15,1
52,77,42,16,19,18,1
58,85,32,16,22,41,1
50,63,29,14,22,35,1
49,63,33,13,21,38,1
55,72,30,13,22,40,1
38,56,27,8,23,25,1
38,55,29,18,15,32,1
55,73,32,14,17,38,1
41,55,48,12,13,15,1
32,49,31,10,16,9,0
42,53,29,11,18,7,1
27,39,30,8,16,7,0
55,71,50,13,15,9,1
55,75,43,18,19,13,1
28,40,31,7,16,5,0
28,44,33,7,13,6,0
20,30,32,7,13,5,0
23,35,30,8,12,6,0
39,57,34,10,11,7,1
34,56,32,12,9,7,1
30,37,30,10,8,5,0
51,70,13,14,49,34,1
63,95,20,13,63,42,1
64,84,26,14,46,34,1
39,62,7,10,55,17,1
37,58,28,11,36,21,1
34,54,18,9,38,19,1
28,53,5,8,41,14,1
60,80,21,11,45,27,1
58,81,14,10,56,24,1
63,111,41,10,24,19,2
54,88,42,7,18,16,1
36,61,41,6,19,15,1
60,110,42,19,18,23,2
53,89,42,7,28,15,1
57,101,43,7,23,15,2
64,95,30,12,28,26,1
62,101,28,9,25,18,2
57,81,30,11,32,38,1
67,99,32,11,30,35,1
70,85,29,10,28,28,1
58,82,30,11,34,29,1
54,77,33,11,24,35,1
59,80,29,10,35,30,1
56,76,37,9,23,35,1
52,67,28,8,25,31,1
64,90,33,11,35,35,1
75,106,29,12,34,37,2
66,95,28,15,32,44,1
41,58,29,14,15,30,1
45,65,25,9,28,32,1
57,83,29,10,20,36,1
62,95,27,14,33,37,1
55,76,29,15,22,39,1
51,69,28,16,22,39,1
50,64,31,19,18,35,1
48,68,31,12,25,40,1
53,70,27,11,32,32,1
57,84,59,10,65,16,1
70,103,61,10,58,17,2
64,86,62,11,53,18,1
62,95,60,11,64,24,1
49,64,60,9,50,20,1
60,85,64,10,54,20,1
53,77,62,9,60,19,1
60,83,61,9,72,12,1
68,100,64,12,66,26,1
77,105,76,12,49,31,2
57,76,63,9,58,18,1
82,108,64,13,64,27,2
64,95,63,13,63,28,1
50,60,58,9,45,13,1
50,67,73,11,50,26,1
52,68,61,9,57,24,1
62,96,60,12,62,21,1
63,83,67,13,50,32,1
62,86,64,10,49,21,1
51,70,67,12,49,30,1
54,74,80,14,49,26,1
64,90,81,13,56,32,1
56,79,63,12,56,28,1
58,77,49,9,35,11,1
64,100,50,12,28,27,1
52,72,50,9,36,11,1
42,65,51,7,36,10,1
48,67,51,6,34,11,1
58,79,51,10,39,12,1
52,71,52,9,38,15,1
61,88,51,12,32,17,1
72,107,52,14,40,19,2
51,66,50,11,24,15,1
53,74,53,11,29,15,1
62,90,51,13,38,15,1
51,71,51,13,30,15,1
45,64,52,8,33,13,1
47,60,51,14,15,18,1
66,103,47,8,37,17,2
58,98,45,9,30,22,1
55,83,47,7,36,21,1
62,100,43,10,44,26,1
100,157,41,15,50,26,2
67,122,40,14,51,23,2
71,120,45,13,36,21,2
65,109,45,10,35,20,2
68,113,44,15,39,23,2
75,130,45,16,36,24,2
59,90,43,10,50,21,1
51,79,41,15,45,15,1
32,45,5,7,42,12,0
25,55,5,7,41,9,1
21,45,4,7,37,12,0
39,58,7,9,40,21,1
48,68,11,11,39,31,1
50,71,51,17,27,20,1
50,63,51,16,18,18,1
40,62,51,13,37,18,1
52,74,52,16,36,19,1
52,71,52,17,22,19,1
55,75,52,13,42,20,1
44,61,51,10,24,16,1
33,52,52,17,25,16,1
51,62,51,8,14,11,1
47,61,51,12,12,14,1
43,65,47,13,40,18,1
47,66,49,9,28,11,1
20,28,41,3,28,5,0
52,76,41,14,29,13,1
24,30,41,3,29,4,0
35,55,42,5,34,7,1
63,83,42,12,27,11,1
29,30,42,7,19,8,0
46,31,43,10,35,11,0
51,83,42,12,73,17,1
58,93,43,17,27,24,1
55,86,44,11,26,29,1
52,81,44,9,35,17,1
52,70,44,14,26,16,1
64,106,43,15,31,19,2
61,100,37,11,20,19,1
32,63,37,7,19,14,1
52,82,38,14,30,17,1
36,58,36,7,16,11,1
42,68,36,10,15,14,1
63,106,41,9,27,18,2
23,38,36,3,17,8,0
26,58,38,6,21,13,1
23,45,37,4,14,9,0
54,80,38,11,24,18,1
58,78,38,14,17,13,1
37,56,37,8,13,12,1
18,33,37,4,18,10,0
29,55,37,8,17,11,1
39,66,38,8,24,15,1
62,91,47,17,42,18,1
20,28,44,7,32,10,0
39,62,45,17,45,13,1
46,60,46,11,51,16,1
53,68,44,11,23,10,1
35,58,35,10,33,12,1
54,74,34,13,43,15,1
49,72,34,14,39,18,1
33,53,34,9,31,10,1
39,59,33,14,36,12,1
47,54,21,12,20,9,1
60,53,21,15,19,13,1
63,100,39,12,19,23,1
33,56,38,5,18,13,1
42,62,39,8,14,15,1
53,80,39,17,13,15,1
52,83,41,20,23,19,1
179,58,39,9,17,15,2
47,76,40,14,25,14,1
38,63,40,9,28,19,1
45,73,42,10,24,19,1
32,60,39,7,22,17,1
50,76,40,7,28,14,1
69,124,40,15,29,23,2
78,136,41,14,32,18,2
55,81,39,13,34,17,1
50,71,18,8,19,18,1
22,42,14,2,19,5,0
30,54,16,3,18,9,1
34,54,27,5,14,15,1
51,71,30,12,12,29,1
44,66,17,13,23,30,1
48,63,32,8,28,30,1
39,60,16,13,20,34,1
22,45,20,3,16,14,0
51,67,32,5,31,28,1
56,82,23,11,34,36,1
52,73,26,8,28,35,1
54,84,19,18,35,45,1
48,65,20,6,22,16,1
32,59,25,9,19,52,1
55,81,34,17,15,62,1
32,57,27,9,20,34,1
54,76,36,14,21,47,1
44,68,20,11,21,33,1
53,75,25,15,23,44,1
60,87,28,19,30,53,1
52,77,19,10,14,35,1
52,74,24,10,20,35,1
23,34,13,2,15,7,0
28,50,17,4,16,17,0
22,38,15,3,14,10,0
15,34,15,2,13,6,0
22,43,13,3,13,8,0
43,67,19,6,14,16,1
18,26,12,2,16,8,0
15,34,13,3,13,9,0
23,52,15,4,21,10,1
28,34,31,7,15,5,0
39,52,35,13,15,9,1
41,57,39,15,15,9,1
60,81,55,23,18,11,1
30,31,34,12,16,9,0
33,50,36,10,21,11,0
28,43,33,8,24,9,0
44,57,32,17,15,7,1
31,46,34,10,13,6,0
46,61,46,15,16,10,1
58,75,43,19,20,14,1
51,63,39,18,22,10,1
58,81,38,24,33,15,1
63,85,56,28,25,19,1
34,52,53,15,17,11,1
53,68,56,17,17,9,1
35,53,51,11,22,10,1
31,49,54,10,24,11,1
55,71,53,16,23,14,1
62,85,52,23,20,14,1
32,50,40,7,40,14,0
40,63,43,8,43,16,1
46,65,44,14,39,24,1
61,88,51,18,45,31,1
33,58,42,11,43,19,1
49,71,31,15,51,30,1
31,52,32,8,50,20,1
33,54,34,9,41,24,1
33,50,33,8,51,22,1
49,62,40,13,42,22,1
31,53,34,9,34,23,1
51,65,43,9,35,26,1
62,86,44,11,50,30,1
58,75,35,15,57,32,1
44,64,35,13,54,24,1
53,67,32,11,58,20,1
65,94,36,21,54,49,1
36,56,35,15,36,27,1
53,70,38,19,35,30,1
50,66,35,14,40,24,1
53,68,38,16,34,33,1
47,64,38,13,38,35,1
61,85,33,23,37,44,1
53,70,43,12,32,15,1
66,110,47,16,61,23,2
56,78,49,11,60,13,1
78,126,48,17,126,25,2
68,109,50,12,91,19,2
85,148,51,25,74,37,2
64,85,49,17,56,30,1
80,130,50,25,57,37,2
64,98,50,12,66,19,1
71,119,50,15,82,20,2
76,116,49,17,81,27,2
57,78,49,13,79,22,1
59,101,49,13,65,17,2
76,117,50,14,69,18,2
70,105,49,14,66,26,2
64,89,49,25,84,28,1
55,78,48,17,108,25,2
61,89,51,15,181,33,2
64,84,50,17,63,28,1
65,94,49,17,97,25,1
74,107,52,19,80,27,2
73,116,49,19,82,29,2
61,88,50,14,103,21,2
60,84,48,18,97,27,1
76,119,50,18,114,29,2
69,101,49,19,87,29,2
60,82,47,17,79,26,1
69,99,48,15,82,20,1
82,141,51,19,129,24,2
67,113,50,15,84,28,2
71,103,51,14,45,23,2
62,92,51,13,55,24,1
63,86,51,14,58,26,1
57,79,51,14,56,26,1
58,94,50,14,48,25,1
73,97,50,24,50,45,1
63,90,50,16,37,24,1
69,112,50,17,42,32,2
66,110,51,21,37,41,2
70,113,51,17,46,28,2
72,113,51,21,43,33,2
70,103,51,19,49,35,2
62,100,51,18,52,33,1
78,117,51,26,34,39,2
53,79,52,18,35,27,1
64,88,51,20,37,34,1
56,72,48,22,41,39,1
71,91,49,28,32,43,1
55,79,49,15,38,21,1
42,76,50,9,33,14,1
64,102,50,18,37,31,2
39,43,51,11,27,17,1
27,53,51,9,30,19,1
52,66,51,11,45,21,1
58,82,51,19,39,41,1
52,67,50,16,31,27,1
67,88,51,28,47,45,1
64,92,51,22,42,44,1
56,85,51,13,54,25,1
62,93,51,19,52,36,1
55,78,51,13,58,27,1
67,94,50,28,47,45,1
63,91,52,17,54,36,1
77,126,51,23,59,45,2
54,74,50,14,38,25,1
58,95,50,24,39,35,1
35,61,50,17,28,25,1
51,66,53,17,35,34,1
61,89,51,20,39,32,1
51,68,50,22,36,42,1
67,98,51,15,40,33,1
80,128,52,14,39,21,2
41,66,51,18,35,27,1
51,87,51,11,49,19,1
60,78,51,21,44,22,1
65,89,51,13,49,23,1
66,95,52,23,49,42,1
62,81,51,22,55,42,1
63,90,51,18,38,34,1
66,101,53,30,36,50,2
64,96,51,25,41,47,1
46,71,51,19,31,25,1
60,85,51,17,44,28,1
59,95,51,16,39,33,1
54,80,52,10,31,22,1
58,72,52,12,35,25,1
42,53,53,16,29,27,1
40,62,51,11,29,19,1
50,71,52,11,29,23,1
51,66,52,10,34,24,1
52,77,52,15,38,26,1
53,73,51,22,48,32,1
64,93,52,17,50,31,1
60,94,52,18,42,30,1
60,100,52,16,49,31,1
74,117,52,19,48,33,2
70,107,49,24,41,44,2
53,88,52,21,37,40,1
51,85,52,16,47,35,1
59,94,51,21,31,41,1
44,72,52,20,31,32,1
46,71,51,10,30,17,1
28,60,52,10,29,23,1
56,83,52,12,28,30,1
65,98,52,30,38,45,1
64,96,52,26,46,45,1
85,154,54,23,29,47,2
57,86,62,45,27,32,1
49,65,59,49,23,24,1
58,92,57,55,26,24,1
43,62,58,54,25,27,1
46,66,57,41,15,19,1
46,60,53,12,37,28,1
60,87,51,13,36,26,1
56,82,52,14,39,27,1
55,77,52,17,41,29,1
73,117,53,16,48,42,2
59,102,51,14,51,26,2
49,80,49,13,37,21,1
64,89,52,13,76,21,1
27,50,40,12,30,11,0
50,59,40,15,28,17,1
45,71,41,14,38,21,1
55,87,49,16,43,38,1
70,115,47,26,62,36,2
67,108,44,23,69,37,2
65,118,47,18,67,30,2
53,74,45,19,86,29,1
66,110,48,24,62,33,2
74,119,52,33,61,38,2
66,109,51,29,49,39,2
70,98,41,19,55,29,1
52,68,42,14,55,29,1
24,47,41,12,49,23,0
57,85,48,13,34,18,1
72,119,58,44,53,44,2
75,129,53,25,59,50,2
63,84,52,12,60,28,1
58,75,47,14,48,25,1
38,56,45,14,57,24,1
41,58,46,9,51,19,1
57,74,48,11,58,18,1
57,73,50,11,35,15,1
52,73,51,12,39,20,1
40,57,51,15,51,23,1
40,57,55,14,68,24,1
54,67,47,14,59,33,1
67,93,44,19,63,28,1
67,102,47,20,65,32,2
55,69,51,15,68,29,1
46,63,48,15,63,32,1
38,62,52,15,63,32,1
46,59,51,15,38,29,1
64,101,39,36,55,45,2
42,83,41,12,59,20,1
47,91,44,13,45,26,1
59,82,41,13,70,29,1
60,118,44,14,99,28,2
63,114,41,24,82,30,2
60,108,42,30,52,43,2
83,128,49,25,52,42,2
46,56,41,15,43,24,1
61,105,42,18,69,34,2
52,78,41,13,84,29,1
73,135,40,13,88,14,2
58,109,39,18,60,31,2
39,51,58,15,57,21,1
43,62,53,18,55,30,1
54,72,46,12,68,27,1
58,99,48,20,65,33,1
66,101,47,22,64,26,2
27,50,44,11,17,12,0
95,160,49,34,137,34,2
61,117,44,17,52,31,2
49,62,40,12,59,28,1
67,92,43,17,49,29,1
90,122,51,19,70,29,2
43,65,43,15,40,22,1
46,61,41,16,34,19,1
50,63,38,12,35,17,1
46,73,40,15,48,20,1
67,111,40,23,69,32,2
77,141,40,23,77,28,2
51,76,41,21,53,25,1
56,97,41,22,54,28,1
60,109,39,25,80,31,2
50,59,39,13,41,21,1
77,107,46,23,52,52,2
60,112,42,24,79,40,2
50,75,40,20,58,28,1
55,102,40,15,45,25,2
29,53,37,13,37,13,1
53,90,38,21,28,18,1
48,68,40,17,36,22,1
32,53,41,13,45,20,1
30,55,43,12,35,18,1
32,51,46,15,24,15,1
74,114,47,19,76,38,2
39,53,38,16,17,6,1
35,60,40,10,46,16,1
66,128,42,22,77,31,2
58,100,42,22,81,31,1
57,101,44,14,72,30,2
34,55,44,8,65,20,1
61,85,54,13,63,25,1
54,75,41,12,81,26,1
54,86,50,17,74,28,1
63,98,42,19,76,21,1
56,92,41,12,82,13,1
53,102,41,13,72,20,2
36,58,40,13,58,23,1
58,90,41,16,82,17,1
53,77,43,18,55,27,1
59,79,46,14,72,32,1
74,102,45,22,76,33,2
63,119,46,16,91,21,2
66,104,44,14,111,25,2
63,98,44,17,95,31,1
82,164,46,27,80,38,2
50,76,42,21,59,28,1
52,81,40,17,50,29,1
58,90,42,22,62,35,1
73,92,53,19,73,43,1
51,74,39,14,40,17,1
61,99,42,18,70,28,1
66,126,48,24,61,26,2
51,89,45,17,58,31,1
57,105,43,17,82,33,2
79,146,52,25,76,35,2
57,93,45,15,52,26,1
74,121,48,16,58,27,2
58,98,46,11,54,21,1
68,123,47,17,53,24,2
58,82,44,20,58,32,1
75,136,43,28,64,46,2
62,99,42,15,89,24,1
68,106,45,22,69,36,2
82,131,46,23,60,31,2
85,123,46,22,77,38,2
82,119,46,19,68,32,2
71,123,47,17,72,27,2
73,118,47,23,82,37,2
75,117,45,30,58,42,2
85,130,45,25,50,37,2
80,141,45,25,44,43,2
75,112,49,27,52,50,2
61,97,46,22,71,38,1
61,112,45,22,71,33,2
58,92,45,15,67,28,1
56,82,44,26,49,36,1
65,110,44,18,54,25,2
61,76,44,18,50,32,1
62,116,45,15,87,27,2
78,136,44,26,92,51,2
51,68,44,20,72,36,1
74,123,50,12,86,22,2
82,132,50,16,90,30,2
70,116,50,14,118,24,2
67,110,49,16,85,20,2
56,87,46,16,91,24,1
54,82,47,14,94,21,1
61,99,50,14,67,19,1
74,121,50,17,96,25,2
75,110,50,15,114,28,2
76,124,49,18,94,26,2
75,114,50,15,98,25,2
75,143,48,30,84,36,2
36,59,46,15,48,31,1
58,86,49,12,65,18,1
69,114,48,16,65,29,2
77,123,49,17,84,28,2
66,112,47,15,84,29,2
63,93,47,13,84,19,1
55,80,48,17,95,25,1
29,33,47,11,21,27,0
38,46,49,9,16,25,0
33,41,47,11,21,22,0
42,54,51,12,17,23,1
61,83,47,13,17,39,1
29,42,43,11,23,31,0
64,84,46,15,21,44,1
49,59,44,11,21,28,1
53,67,46,12,24,29,1
54,76,47,13,28,33,1
53,69,46,11,29,25,1
45,64,45,13,25,25,1
35,52,45,13,27,25,1
55,72,46,17,19,34,1
49,66,52,15,22,32,1
45,57,49,13,22,29,1
37,41,20,10,20,23,0
26,38,19,13,15,25,0
34,41,20,10,19,22,0
30,36,19,11,17,19,0
34,45,19,10,21,18,0
37,48,19,8,20,19,0
37,53,23,8,15,16,1
33,41,19,7,21,20,0
51,58,20,11,18,31,1
42,58,18,12,24,26,1
48,63,21,16,28,35,1
73,94,27,16,24,36,1
58,79,34,10,28,25,1
44,54,19,7,27,21,1
34,50,23,9,24,24,0
68,87,23,22,20,36,1
56,64,23,10,25,20,1
56,69,28,11,26,27,1
62,70,31,12,28,24,1
57,77,22,12,32,23,1
63,83,28,12,29,31,1
58,66,21,7,41,19,1
52,62,22,10,34,27,1
43,53,21,12,37,26,1
23,29,13,7,9,2,0
34,52,14,7,11,2,1
60,87,15,7,11,4,1
62,82,15,7,20,7,1
40,65,35,12,26,10,1
62,96,38,19,20,22,1
36,56,35,10,21,7,1
66,98,37,34,18,27,1
64,90,35,22,21,20,1
49,72,35,17,25,10,1
55,83,38,13,26,12,1
52,70,36,19,24,25,1
55,77,36,12,21,12,1
57,87,35,11,25,13,1
62,88,36,12,21,13,1
53,52,38,11,11,19,1
40,49,11,26,10,10,0
38,39,27,10,5,13,0
35,50,28,10,8,14,0
31,51,28,10,10,14,1
34,64,29,8,10,10,1
50,87,30,13,14,20,1
49,73,29,11,20,23,1
64,109,30,16,14,22,2
64,107,31,11,23,16,2
50,63,30,9,15,19,1
61,84,32,12,20,16,1
52,91,32,12,26,19,1
59,94,31,11,21,17,1
60,87,31,7,22,16,1
57,85,33,8,19,13,1
28,42,50,5,21,24,0
55,71,53,8,25,27,1
34,51,52,6,15,12,1
30,38,40,8,31,24,0
31,43,38,6,11,17,0
25,30,37,6,19,15,0
28,26,34,5,23,13,0
23,18,34,5,23,11,0
21,21,34,6,17,11,0
29,30,35,6,20,15,0
33,43,39,7,18,21,0
54,70,43,11,22,26,1
38,50,39,7,23,14,0
24,32,39,8,21,16,0
29,31,40,8,23,19,0
28,33,44,10,22,28,0
43,54,52,10,19,32,1
44,55,11,9,28,21,1
26,39,21,10,25,21,0
54,68,24,10,27,27,1
44,56,19,7,28,18,1
36,53,33,6,17,12,1
39,50,25,7,22,19,0
30,43,19,9,25,23,0
25,32,18,6,17,15,0
20,22,17,6,19,16,0
28,30,17,8,16,15,0
21,23,16,7,16,13,0
23,28,17,6,17,11,0
32,35,20,7,17,15,0
52,61,19,15,19,26,1
46,57,51,9,23,32,1
49,61,43,9,26,29,1
57,69,25,13,20,23,1
39,51,28,9,18,15,1
54,73,36,12,22,13,1
53,67,39,11,14,12,1
60,76,38,10,22,12,1
58,76,35,13,20,12,1
54,74,35,10,20,12,1
58,79,35,14,13,13,1
51,62,33,9,24,11,1
28,42,30,9,13,7,0
43,61,31,14,23,8,1
29,35,30,7,13,5,0
27,32,31,6,12,5,0
46,63,36,8,14,7,1
64,86,30,16,33,12,1
58,85,32,16,23,13,1
31,39,48,10,24,7,0
38,52,48,10,25,9,1
36,35,49,8,20,7,0
23,27,50,10,13,7,0
38,53,51,11,13,9,1
54,68,49,11,19,12,1
59,74,46,15,50,31,1
58,70,50,19,45,34,1
61,81,52,19,48,33,1
66,86,49,24,41,44,1
51,68,49,21,37,40,1
40,63,43,16,47,35,1
43,61,44,20,31,32,1
25,36,41,10,30,17,0
28,44,45,10,29,23,0
49,61,52,12,28,30,1
31,57,59,49,23,24,1
26,40,57,38,21,18,1
36,51,57,45,20,18,1
29,42,58,42,15,18,1
35,51,57,41,15,19,1
40,55,57,21,17,24,1
47,58,56,21,23,24,1
53,81,42,9,24,12,1
55,92,43,11,24,13,1
54,74,47,8,29,11,1
44,71,43,10,24,12,1
45,76,45,9,29,10,1
51,81,45,10,28,12,1
45,72,45,10,27,13,1
51,75,44,8,32,9,1
59,94,48,10,25,12,1
44,68,44,8,15,9,1
32,57,45,5,18,4,1
45,71,48,9,13,7,1
46,71,48,8,11,7,1
28,53,48,5,15,4,1
51,80,50,9,17,12,1
57,87,50,12,18,13,1
72,105,49,19,18,12,2
57,86,53,7,27,11,1
42,51,50,5,16,5,1
36,57,51,7,14,6,1
46,66,49,8,8,5,1
36,51,51,8,13,5,1
60,94,52,9,20,18,1
65,95,52,9,18,14,1
53,88,52,11,13,18,1
50,85,52,6,25,18,1
54,91,51,10,12,18,1
42,72,52,8,10,11,1
44,72,52,6,10,16,1
37,62,51,3,16,10,1
47,67,51,6,8,15,1
39,66,51,5,8,12,1
27,60,52,1,13,8,1
56,83,52,5,14,13,1
65,98,52,14,13,15,1
61,96,52,7,17,19,1
64,99,52,10,20,15,1
85,154,52,10,11,13,2
49,65,52,5,10,12,1
22,39,52,2,11,8,1
32,64,52,7,8,12,1
41,58,17,9,34,2,1
31,51,23,11,18,1,1
60,72,20,23,21,5,1
44,55,47,10,24,9,1
31,35,49,9,12,7,0
38,50,50,13,26,11,0
25,39,48,10,12,5,0
37,44,45,11,21,8,0
53,69,49,12,28,13,1
57,78,47,11,26,18,1
46,57,44,11,24,7,1
55,71,55,12,10,11,1
53,63,53,11,9,10,1
42,57,51,10,12,9,1
30,50,56,6,10,16,1
41,45,45,8,11,20,0
33,45,41,8,14,27,0
44,61,56,16,20,19,1
31,49,60,17,21,26,1
30,43,56,14,18,19,1
23,44,56,11,17,15,1
28,60,56,10,17,10,1
24,44,57,9,19,17,1
40,65,58,18,28,27,1
62,81,58,13,44,20,1
57,79,58,25,37,40,1
35,48,56,10,19,17,1
55,62,58,19,15,30,1
36,58,59,13,16,25,1
44,58,57,23,14,32,1
37,52,59,11,16,15,1
27,53,62,8,17,9,1
33,50,60,11,17,14,1
39,43,58,14,13,20,1
26,43,51,5,16,2,1
23,40,51,5,16,3,1
30,44,53,5,15,4,1
49,66,51,6,10,4,1
46,71,51,9,10,6,1
50,70,50,8,10,6,1
43,74,54,9,24,3,1
56,80,55,10,36,5,1
49,70,54,13,24,3,1
49,66,55,9,15,2,1
57,79,55,9,9,3,1
45,63,52,7,7,2,1
28,53,53,6,9,1,1
25,27,53,5,9,1,1
59,75,56,8,10,2,1
50,67,56,9,9,3,1
54,43,55,11,10,3,1
65,55,16,22,16,15,1
27,53,53,3,12,10,1
21,59,53,19,14,11,1
38,68,53,16,12,10,1
30,64,53,14,9,7,1
32,63,53,13,11,8,1
36,81,54,14,23,12,1
47,73,54,12,15,11,1
45,66,53,13,7,8,1
40,79,54,16,7,10,1
39,65,54,13,11,10,1
43,75,54,14,10,10,1
32,43,53,10,11,3,1
52,53,55,10,10,5,1
41,61,54,13,12,11,1
50,66,54,13,10,15,1
44,68,54,14,7,17,1
53,82,54,20,8,11,1
51,65,53,14,14,13,1
56,90,54,16,15,20,1
35,34,17,5,39,13,0
35,50,22,8,26,22,0
55,69,55,8,12,2,1
52,72,53,12,9,3,1
24,50,63,6,11,3,1
10,62,79,10,12,8,1
30,49,54,7,12,1,1
11,50,62,8,10,3,1
37,51,53,8,8,3,1
24,40,53,7,11,1,1
29,41,52,7,9,2,1
20,33,53,6,9,1,1
25,39,19,8,14,13,0
27,37,20,7,25,16,0
29,40,18,10,26,24,0
22,34,16,10,31,25,0
37,47,16,9,35,23,0
29,47,17,8,36,18,0
30,41,53,7,9,1,1
49,69,14,9,16,3,1
29,44,13,6,9,1,0
37,57,13,8,11,3,1
22,49,14,8,15,5,0
46,61,14,7,18,5,1
33,49,14,6,17,3,0
46,63,14,7,17,4,1
46,66,53,13,8,15,1
40,53,54,10,9,12,1
55,74,55,14,9,12,1
44,71,54,16,7,10,1
38,65,54,12,12,10,1
44,61,53,15,7,15,1
44,61,53,13,7,10,1
31,42,53,10,11,6,1
38,51,53,12,8,9,1
33,42,53,12,8,10,1
33,48,53,11,9,5,1
29,53,26,5,7,8,1
60,82,27,13,13,14,1
40,41,26,6,6,6,0
39,43,27,6,9,8,0
50,59,27,11,8,14,1
45,55,26,11,14,18,1
40,52,27,8,15,12,1
46,50,27,7,16,15,0
54,61,29,10,14,18,1
49,69,47,9,34,21,1
64,98,50,11,34,32,1
35,51,46,10,29,31,1
45,63,46,12,38,35,1
54,80,49,12,33,34,1
51,69,48,11,40,30,1
65,92,52,10,34,30,1
61,84,53,10,33,25,1
31,41,52,9,15,16,1
39,63,52,10,28,24,1
46,71,51,12,21,32,1
56,77,51,12,21,35,1
57,84,53,10,25,25,1
60,91,52,12,24,34,1
63,93,53,10,23,28,1
66,99,52,10,27,27,1
60,86,47,11,37,36,1
68,96,51,10,21,35,1
66,101,52,11,16,38,2
66,99,39,15,30,32,1
67,98,41,11,32,26,1
57,89,38,10,32,29,1
65,98,38,11,26,30,1
62,93,39,10,31,27,1
60,89,37,10,31,36,1
50,61,23,7,35,16,1
69,97,33,10,36,21,1
58,70,31,7,35,19,1
43,55,26,7,32,20,1
52,70,52,10,38,27,1
51,65,50,7,45,21,1
57,73,51,12,40,29,1
34,43,48,4,25,10,0
53,69,52,6,32,18,1
53,77,51,10,29,26,1
59,77,51,9,37,26,1
69,86,52,7,31,20,1
68,87,52,8,37,17,1
71,93,53,9,31,24,1
72,98,52,8,39,16,1
77,99,53,10,28,25,1
77,100,54,11,39,28,1
78,100,55,11,34,28,1
73,95,53,8,36,22,1
64,87,54,8,36,22,1
72,91,51,10,35,20,1
74,96,51,9,38,20,1
74,98,54,12,36,31,1
56,80,50,12,21,10,1
52,69,50,9,14,12,1
34,50,49,9,19,12,0
54,75,49,18,23,19,1
62,86,50,14,29,13,1
47,68,50,16,27,16,1
73,103,51,12,24,16,2
65,94,51,9,16,15,1
35,51,52,2,16,10,1
54,78,51,8,19,17,1
58,83,51,7,28,14,1
77,107,51,6,22,16,2
74,95,53,7,25,15,1
58,84,40,11,29,28,1
62,91,41,10,31,19,1
60,86,40,10,26,19,1
59,89,37,10,25,22,1
54,75,36,12,29,24,1
59,76,35,12,21,27,1
54,78,38,12,20,31,1
67,91,51,16,27,13,1
75,103,52,10,25,16,2
69,88,51,7,32,13,1
79,100,51,6,25,16,1
78,38,51,11,20,19,1
84,39,50,3,23,18,1
66,37,26,31,23,21,1
29,46,49,12,24,17,0
46,61,51,13,12,24,1
43,65,52,12,21,23,1
57,79,52,13,23,27,1
38,53,48,11,17,18,1
27,51,47,12,14,17,1
31,51,46,11,9,14,1
27,49,45,10,11,14,0
33,57,48,12,14,26,1
65,94,52,12,27,53,1
48,63,50,11,21,22,1
42,58,48,11,18,24,1
51,75,50,9,33,27,1
49,71,46,9,36,23,1
42,64,47,9,32,21,1
35,53,46,11,23,21,1
50,68,45,11,30,31,1
61,87,50,10,42,26,1
31,40,22,6,24,14,0
27,41,22,7,26,18,0
64,79,40,12,31,29,1
50,56,22,10,21,21,1
48,68,26,9,36,24,1
57,70,25,9,30,26,1
67,87,30,8,49,23,1
71,92,35,15,32,34,1
31,39,21,5,27,12,0
27,35,20,6,16,12,0
40,57,25,9,28,21,1
50,62,26,9,28,23,1
45,56,25,8,27,21,1
48,67,24,13,47,26,1
54,72,22,8,49,15,1
47,64,37,7,44,11,1
46,64,21,4,51,6,1
53,70,26,13,33,23,1
35,56,34,5,10,6,1
52,71,36,9,12,15,1
52,71,39,9,14,12,1
56,76,36,7,17,12,1
50,63,51,5,11,11,1
46,60,49,6,15,10,1
47,64,51,7,21,12,1
43,61,49,9,24,11,1
64,46,50,9,18,12,1
37,58,32,3,11,8,1
50,70,34,3,17,13,1
65,88,33,5,16,14,1
57,82,33,6,17,11,1
51,72,32,4,19,13,1
55,83,38,12,20,28,1
55,83,37,11,26,27,1
55,81,40,10,24,28,1
53,76,38,12,25,31,1
62,95,43,11,23,35,1
66,101,39,11,22,35,2
65,97,45,11,32,35,1
54,69,38,11,21,29,1
42,67,38,12,15,23,1
42,62,40,10,17,17,1
52,73,42,11,13,27,1
63,92,40,12,36,33,1
59,90,39,12,36,35,1
60,87,40,11,21,24,1
56,84,39,11,23,22,1
52,80,39,14,27,25,1
62,94,41,16,24,38,1
74,114,42,13,30,35,2
63,97,42,11,36,34,1
63,92,38,11,25,33,1
71,109,41,13,26,43,2
67,94,44,11,24,32,1
63,93,42,11,27,27,1
60,83,39,12,26,20,1
62,76,51,11,34,26,1
64,79,51,13,36,30,1
61,78,51,8,34,19,1
58,73,50,9,36,22,1
73,87,51,13,28,36,1
69,86,57,12,22,38,1
60,70,53,15,23,33,1
60,69,53,12,21,23,1
69,83,58,9,23,22,1
70,91,53,9,43,23,1
75,91,55,10,41,28,1
73,86,54,7,34,18,1
70,89,54,9,37,20,1
77,97,53,9,42,19,1
74,82,55,7,29,22,1
66,72,53,5,33,14,1
68,82,54,6,39,18,1
71,81,54,6,39,16,1
67,78,55,7,36,17,1
70,84,58,7,40,18,1
76,90,59,8,37,22,1
69,91,56,8,44,21,1
75,82,54,8,30,24,1
52,59,52,6,37,17,1
61,75,52,6,39,17,1
63,75,53,5,38,13,1
73,90,53,10,44,26,1
71,93,54,6,38,17,1
73,93,55,7,44,21,1
66,75,52,4,43,11,1
68,89,53,6,45,15,1
74,87,53,10,29,26,1
73,91,56,7,33,24,1
76,105,42,10,49,27,2
64,73,55,10,21,14,1
64,75,54,9,22,12,1
70,82,53,7,22,12,1
70,83,53,8,21,11,1
66,77,53,6,26,10,1
69,78,53,5,24,10,1
88,113,53,6,30,16,2
76,89,53,6,24,14,1
64,72,53,8,27,9,1
66,76,53,8,31,9,1
74,89,53,9,29,14,1
77,96,53,8,27,14,1
60,74,53,8,28,8,1
75,90,54,9,27,16,1
69,82,54,9,31,11,1
66,76,54,7,23,13,1
54,59,53,7,22,6,1
64,77,53,7,28,13,1
68,82,53,6,26,9,1
65,78,53,6,24,10,1
74,93,55,8,28,21,1
80,99,55,10,39,27,1
67,77,55,6,37,18,1
73,91,56,11,30,38,1
70,88,57,8,39,24,1
85,112,55,14,36,33,2
79,98,57,9,32,27,1
78,94,56,8,36,18,1
71,82,55,8,33,16,1
62,79,52,10,24,11,1
57,75,53,8,29,12,1
62,73,52,9,25,13,1
78,97,53,6,21,13,1
59,66,52,10,19,17,1
47,57,52,9,15,13,1
54,67,53,5,20,10,1
65,81,54,10,22,16,1
67,88,53,9,27,14,1
54,63,53,6,25,9,1
53,68,53,6,30,9,1
59,70,52,7,31,9,1
86,108,54,10,36,13,2
72,84,53,7,27,10,1
76,96,54,5,23,15,1
75,83,53,7,25,13,1
84,100,53,7,28,21,1
71,42,53,8,28,12,1
56,79,41,10,19,24,1
60,82,40,9,32,29,1
57,91,39,8,33,22,1
72,114,40,13,28,39,2
67,90,41,10,19,29,1
58,79,39,9,24,24,1
58,87,41,10,27,31,1
66,96,40,10,29,29,1
66,98,42,12,28,28,1
56,82,42,12,30,25,1
61,90,46,11,26,33,1
63,93,42,12,28,35,1
61,87,42,11,21,29,1
46,67,40,12,24,22,1
59,86,42,13,30,20,1
64,96,41,14,29,37,1
64,89,45,12,26,27,1
60,90,45,13,40,35,1
77,84,42,8,30,23,1
64,94,40,12,42,23,1
62,85,41,13,28,30,1
63,90,45,14,23,30,1
64,90,44,13,32,32,1
66,77,56,7,24,23,1
68,79,54,7,32,20,1
54,81,44,11,21,22,1
60,89,38,12,23,24,1
57,80,44,10,19,26,1
56,81,39,11,24,26,1
60,92,40,11,20,32,1
56,75,36,11,28,25,1
57,85,46,13,23,28,1
58,87,44,10,21,27,1
56,75,41,14,25,28,1
55,87,41,10,36,26,1
63,98,37,13,33,35,1
51,74,37,10,34,29,1
55,83,36,10,39,24,1
36,56,37,9,24,16,1
38,65,36,10,28,18,1
72,94,53,10,40,25,1
74,95,53,8,33,18,1
69,87,55,7,33,17,1
67,87,51,8,36,16,1
69,86,56,17,23,35,1
58,83,52,8,38,18,1
65,92,51,9,35,19,1
66,84,55,7,28,18,1
65,84,51,7,36,17,1
76,93,63,14,23,31,1
59,67,51,9,28,20,1
61,72,53,16,20,28,1
65,88,54,7,34,22,1
73,92,52,10,35,25,1
67,86,54,8,27,18,1
59,75,52,7,38,20,1
59,74,51,10,33,25,1
40,55,51,5,33,14,1
48,62,52,6,32,15,1
59,74,51,7,30,12,1
74,99,51,8,24,14,1
64,80,50,3,26,10,1
58,72,51,4,26,13,1
52,64,50,6,21,14,1
57,72,50,3,23,10,1
73,97,51,5,28,15,1
68,86,52,7,25,12,1
61,78,52,10,20,18,1
71,97,53,16,20,20,1
52,62,52,8,20,10,1
53,62,53,18,16,23,1
59,76,53,10,24,11,1
65,80,53,12,29,14,1
55,64,53,15,25,13,1
58,71,53,11,26,11,1
44,57,53,10,24,13,1
37,37,52,7,22,8,1
41,36,52,6,29,7,1
71,101,42,12,35,37,2
74,108,43,11,34,33,2
63,93,43,11,42,20,1
62,89,45,11,31,29,1
66,99,46,16,27,36,1
60,93,47,16,32,35,1
62,95,47,15,33,30,1
66,102,49,14,24,34,2
62,91,41,10,35,29,1
56,82,41,10,18,24,1
55,86,41,10,31,26,1
55,73,42,9,29,29,1
58,82,44,8,29,27,1
60,88,46,7,33,26,1
53,76,42,6,32,20,1
60,88,41,9,33,30,1
61,84,44,8,29,32,1
57,86,45,8,33,31,1
55,78,44,7,30,23,1
59,84,46,9,35,30,1
58,89,45,8,27,34,1
57,88,46,9,23,33,1
58,99,46,8,29,23,1
58,88,47,8,29,22,1
77,91,28,7,44,25,1
71,89,26,5,53,12,1
66,83,29,6,44,16,1
77,103,43,9,36,31,2
67,88,26,9,40,26,1
69,91,22,6,41,16,1
65,86,20,7,45,18,1
65,90,21,8,25,24,1
61,77,20,7,37,19,1
67,90,22,7,40,18,1
56,71,19,5,44,15,1
69,80,19,5,42,20,1
69,85,21,8,28,25,1
65,83,20,6,37,17,1
65,83,22,6,37,19,1
56,75,20,6,42,17,1
64,84,20,6,42,21,1
63,82,20,7,37,23,1
66,89,21,7,38,19,1
68,98,23,8,33,22,1
66,88,54,8,44,12,1
72,91,54,8,31,22,1
60,82,54,10,33,9,1
60,81,55,10,33,9,1
71,93,55,10,35,15,1
67,87,55,9,32,12,1
57,68,54,7,28,6,1
57,70,54,7,21,5,1
58,77,54,8,28,7,1
61,86,54,9,31,9,1
59,81,54,9,32,13,1
59,72,53,9,31,11,1
52,70,54,9,34,10,1
54,65,54,9,33,7,1
55,72,54,9,35,6,1
53,66,55,9,30,9,1
59,74,55,10,30,10,1
56,73,54,9,28,8,1
88,121,27,26,39,22,2
89,117,29,22,28,17,2
80,111,28,21,29,16,2
69,99,27,18,27,15,1
81,152,27,19,19,19,2
62,93,27,16,24,13,1
70,108,27,21,29,18,2
77,110,27,19,25,15,2
59,86,28,16,28,12,1
77,109,28,24,40,21,2
71,98,28,21,26,17,1
69,101,28,24,29,19,2
78,111,28,22,30,20,2
65,92,28,23,26,16,1
129,143,29,21,24,23,2
49,89,28,18,40,20,1
59,90,27,20,49,24,1
63,83,30,18,56,23,1
48,73,27,16,50,15,1
52,75,27,16,58,15,1
42,74,27,17,57,15,1
39,69,26,15,59,12,1
54,83,25,15,73,17,1
48,77,26,17,55,24,1
50,76,26,17,58,20,1
39,70,27,15,49,18,1
70,87,53,6,24,13,1
65,78,53,7,28,8,1
71,88,54,7,29,12,1
65,87,53,6,30,9,1
64,45,54,9,22,13,1
69,44,54,11,24,11,1
68,44,22,27,30,32,1
51,74,27,16,64,16,1
11,78,29,19,42,21,1
53,85,28,17,43,15,1
69,89,21,6,42,18,1
75,104,22,9,41,26,2
73,91,23,6,38,20,1
62,81,23,6,31,20,1
67,89,21,10,28,28,1
64,85,21,7,31,20,1
66,90,23,8,30,26,1
82,109,24,12,39,33,2
73,96,21,8,44,25,1
70,91,54,7,36,5,1
56,68,54,8,32,4,1
60,74,55,6,32,5,1
64,79,55,5,26,4,1
59,80,54,5,28,4,1
56,71,54,6,25,2,1
63,76,54,4,25,3,1
67,93,54,5,32,2,1
59,78,54,5,34,3,1
57,72,54,6,28,2,1
59,78,55,7,27,3,1
72,91,55,5,30,2,1
64,80,55,5,28,4,1
62,84,55,5,37,3,1
59,69,56,4,36,3,1
67,81,54,5,31,2,1
126,199,29,26,27,25,2
86,120,30,25,24,25,2
64,93,29,15,28,19,1
76,115,29,20,26,25,2
84,123,28,20,21,12,2
80,122,28,17,20,11,2
88,121,30,16,18,10,2
75,106,31,18,19,14,2
82,123,30,22,23,15,2
82,121,29,19,29,12,2
82,122,30,20,22,16,2
76,122,43,8,35,31,2
58,86,41,7,36,26,1
65,95,43,7,30,33,1
62,89,46,5,27,26,1
59,86,46,5,39,26,1
72,107,46,5,30,38,2
64,92,49,4,29,27,1
58,85,48,5,25,23,1
65,93,51,9,25,30,1
62,78,50,6,29,23,1
63,88,49,6,24,33,1
60,91,47,4,37,25,1
62,86,48,6,37,27,1
63,96,47,5,21,35,1
58,81,44,5,31,32,1
67,102,47,8,29,36,2
66,97,47,6,34,36,1
65,94,47,7,36,26,1
59,83,45,6,40,29,1
67,95,45,5,48,33,1
82,109,20,10,40,24,2
79,100,23,8,42,21,1
72,93,24,7,46,21,1
66,83,22,5,34,16,1
71,93,23,6,37,16,1
63,79,20,4,33,11,1
59,75,19,4,32,12,1
69,93,21,6,41,17,1
69,90,21,5,44,13,1
64,83,21,6,37,14,1
65,86,23,7,38,19,1
61,86,42,8,38,41,1
58,84,42,6,35,38,1
64,89,43,9,39,37,1
68,97,45,8,33,41,1
51,63,44,8,40,29,1
53,73,43,8,34,29,1
55,74,41,6,40,25,1
64,107,44,8,41,33,2
64,89,39,15,35,30,1
58,81,43,18,36,29,1
57,79,43,16,34,26,1
47,66,40,16,38,30,1
57,81,42,16,41,37,1
53,120,41,14,34,31,2
52,75,43,15,39,24,1
50,69,42,13,43,30,1
56,93,44,11,38,30,1
65,83,43,14,4,29,1
55,75,43,15,15,25,1
58,76,43,14,31,26,1
62,96,45,15,29,34,1
58,82,44,11,31,26,1
38,67,43,12,34,34,1
62,85,20,13,39,35,1
69,98,22,15,32,45,1
60,77,20,15,23,32,1
66,96,20,8,36,23,1
74,104,22,11,36,32,2
67,89,19,9,42,29,1
68,90,22,10,37,27,1
63,79,22,7,31,21,1
50,67,22,8,32,24,1
50,63,19,7,46,23,1
60,72,33,13,19,37,1
52,68,32,15,24,33,1
56,68,33,6,34,23,1
54,73,32,10,26,31,1
38,59,32,8,33,26,1
59,70,55,2,33,3,1
55,68,55,1,33,4,1
45,51,54,2,22,2,1
64,75,55,11,26,5,1
63,70,55,12,35,5,1
53,56,53,12,30,6,1
52,59,54,13,27,10,1
52,64,55,12,27,9,1
52,78,56,13,31,12,1
51,72,55,14,32,12,1
45,68,55,13,27,10,1
48,66,55,11,29,8,1
50,73,55,12,25,13,1
44,63,55,13,32,10,1
51,82,56,14,31,16,1
66,101,55,12,22,21,2
56,75,56,12,16,15,1
55,80,57,13,24,14,1
80,104,34,24,24,27,2
80,109,29,31,27,26,2
82,108,29,34,24,28,2
89,124,30,32,19,27,2
81,129,29,18,24,14,2
75,106,29,16,23,10,2
77,109,30,24,19,21,2
75,107,29,20,27,17,2
61,103,28,20,34,17,2
81,122,29,26,22,22,2
94,150,30,20,25,16,2
61,86,27,18,71,15,1
15,69,29,17,52,18,1
14,65,29,16,57,15,1
15,74,28,17,56,19,1
59,75,29,15,69,14,1
59,77,29,17,55,16,1
56,67,29,16,48,15,1
59,69,32,16,56,16,1
45,58,31,14,56,14,1
62,74,30,22,48,22,1
62,73,30,17,66,15,1
56,67,30,19,61,22,1
67,83,31,25,57,28,1
65,82,29,20,55,21,1
57,70,31,17,54,16,1
56,69,30,17,58,15,1
59,74,28,22,15,16,1
71,107,29,26,18,19,2
73,109,30,20,24,19,2
78,109,30,27,27,24,2
65,93,30,21,23,15,1
55,79,29,20,15,15,1
63,95,30,25,21,26,1
65,87,30,27,25,28,1
59,89,30,18,19,18,1
83,82,29,41,20,29,1
63,54,29,25,15,21,1
55,33,30,28,17,19,1
67,57,31,19,24,20,1
71,105,30,19,22,14,2
59,100,31,22,54,23,1
64,102,33,25,43,28,2
53,86,31,24,33,22,1
55,89,33,16,51,14,1
58,93,33,17,60,15,1
52,79,31,17,45,14,1
51,78,31,17,41,16,1
39,64,31,18,49,16,1
52,78,31,19,50,17,1
54,82,31,18,49,16,1
47,72,31,19,51,17,1
46,71,30,13,81,12,1
53,83,32,15,65,15,1
40,67,31,14,71,10,1
63,101,33,20,49,22,2
48,71,33,21,44,20,1
51,76,32,18,53,19,1
56,88,32,18,56,18,1
30,57,32,15,61,17,1
